[{
		"id": 5454,
		"name": "Rocky",
		"description": "",
		"rulesFilename": "",
		"prizes": null,
		"groups": null,
		"tiers": null,
		"rate": 0,
		"eligibilityRates": null,
		"canRollover": false,
		"isArchived": false,
		"isAutoDraw": false,
		"isAutoNotify": false,
		"anticipationDuration": 0,
		"canEdit": false
	},
	{
		"id": 5454,
		"name": "Rocky",
		"description": "",
		"rulesFilename": "",
		"prizes": null,
		"groups": null,
		"tiers": null,
		"rate": 0,
		"eligibilityRates": null,
		"canRollover": false,
		"isArchived": false,
		"isAutoDraw": false,
		"isAutoNotify": false,
		"anticipationDuration": 0,
		"canEdit": false
	},
	{
		"id": 5454,
		"name": "Rocky",
		"description": "",
		"rulesFilename": "",
		"prizes": null,
		"groups": null,
		"tiers": null,
		"rate": 0,
		"eligibilityRates": null,
		"canRollover": false,
		"isArchived": false,
		"isAutoDraw": false,
		"isAutoNotify": false,
		"anticipationDuration": 0,
		"canEdit": false
	},
	{
		"id": 5454,
		"name": "Rocky",
		"description": "",
		"rulesFilename": "",
		"prizes": null,
		"groups": null,
		"tiers": null,
		"rate": 0,
		"eligibilityRates": null,
		"canRollover": false,
		"isArchived": false,
		"isAutoDraw": false,
		"isAutoNotify": false,
		"anticipationDuration": 0,
		"canEdit": false
	},
	{
		"id": 5454,
		"name": "Rocky",
		"description": "",
		"rulesFilename": "",
		"prizes": null,
		"groups": null,
		"tiers": null,
		"rate": 0,
		"eligibilityRates": null,
		"canRollover": false,
		"isArchived": false,
		"isAutoDraw": false,
		"isAutoNotify": false,
		"anticipationDuration": 0,
		"canEdit": false
	}
]